{"cameraMode":{"drawMode":0,"name":"Shaded","section":"Shading Mode"},"sceneLighting":false,"audioPlay":false,"sceneViewState":{"showFog":true,"showMaterialUpdate":false,"showSkybox":false,"showFlares":true,"showImageEffects":true,"showParticleSystems":true,"showVisualEffectGraphs":true,"m_FxEnabled":true},"in2DMode":false,"pivot":{"x":-0.15253081917762757,"y":0.43779227137565615,"z":-0.20286336541175843},"rotation":{"x":-0.11992533504962921,"y":0.3359948992729187,"z":-0.043178342282772067,"w":-0.9331966638565064},"size":1.7766520977020264,"orthographic":false}